Miguel Alvarez --> mfa157
Joseph Binder --> jpbinder
Colin Brasher --> cbrasher
Samuel Carey --> samcarey
Clayton Crawford --> clayton.crawford
Joao Marcos De Aguiar --> joao.een
Mark Hardiman --> mtn7450
Jeffrey Jensen --> jeffsanwa
Peng Li --> billlipeng
Jason Moore --> jason.moore
Patrick Noeldner --> pnoeldner001
Zachary Partal --> zpartal
Alexandre Ribeiro Lopes --> alelopes
Cameron Shaw --> cameroncowden
Jeff Terrell --> jdterrell
Yuanxing Yin --> yin634
